{
  "BERGAMO": "Bergamo",
  "TREVIGLIO": "Treviglio",
  "SERIATE": "Seriate",
  "DALMINE": "Dalmine",
  "ROMANODILOMBARDIA": "Romano di Lombardia",
  "ALBINO": "Albino",
  "CARAVAGGIO": "Caravaggio",
  "ALZANOLOMBARDO": "Alzano Lombardo",
  "STEZZANO": "Stezzano",
  "OSIOSOTTO": "Osio Sotto",
  "NEMBRO": "Nembro",
  "PONTESANPIETRO": "Ponte San Pietro",
  "COLOGNOALSERIO": "Cologno al Serio",
  "TREVIOLO": "Treviolo",
  "MARTINENGO": "Martinengo",
  "SCANZOROSCIATE": "Scanzorosciate",
  "TRESCOREBALNEARIO": "Trescore Balneario",
  "URGNANO": "Urgnano",
  "BONATESOPRA": "Bonate Sopra",
  "COSTAVOLPINO": "Costa Volpino",
  "SORISOLE": "Sorisole",
  "ZOGNO": "Zogno",
  "TORREBOLDONE": "Torre Boldone",
  "ZANICA": "Zanica",
  "CLUSONE": "Clusone",
  "BREMBATE": "Brembate",
  "CALUSCODADDA": "Calusco d'Adda",
  "ALBANOSANTALESSANDRO": "Albano Sant'Alessandro",
  "VILLONGO": "Villongo",
  "CAPRIATESANGERVASIO": "Capriate San Gervasio",
  "TERNODISOLA": "Terno d'Isola",
  "FARAGERADADDA": "Fara Gera d'Adda",
  "VERDELLO": "Verdello",
  "BREMBATEDISOPRA": "Brembate di Sopra",
  "VERDELLINO": "Verdellino",
  "AZZANOSANPAOLO": "Azzano San Paolo",
  "CURNO": "Curno",
  "GRUMELLODELMONTE": "Grumello del Monte",
  "MOZZO": "Mozzo",
  "PONTERANICA": "Ponteranica",
  "MAPELLO": "Mapello",
  "BONATESOTTO": "Bonate Sotto",
  "VILLADALME": "Villa d'Almè",
  "SARNICO": "Sarnico",
  "VILLADISERIO": "Villa di Serio",
  "GORLE": "Gorle",
  "GRASSOBBIO": "Grassobbio",
  "CISANOBERGAMASCO": "Cisano Bergamasco",
  "ALMENNOSANBARTOLOMEO": "Almenno San Bartolomeo",
  "BOLGARE": "Bolgare",
  "GHISALBA": "Ghisalba",
  "BOLTIERE": "Boltiere",
  "PEDRENGO": "Pedrengo",
  "CHIUDUNO": "Chiuduno",
  "BRIGNANOGERADADDA": "Brignano Gera d'Adda",
  "CALCINATE": "Calcinate",
  "RANICA": "Ranica",
  "PALOSCO": "Palosco",
  "CISERANO": "Ciserano",
  "SANPAOLODARGON": "San Paolo d'Argon",
  "ALMENNOSANSALVATORE": "Almenno San Salvatore",
  "SPIRANO": "Spirano",
  "ALME": "Almè",
  "BRUSAPORTO": "Brusaporto",
  "GANDINO": "Gandino",
  "CALCIO": "Calcio",
  "SOVERE": "Sovere",
  "LOVERE": "Lovere",
  "OSIOSOPRA": "Osio Sopra",
  "CIVIDATEALPIANO": "Cividate al Piano",
  "GORLAGO": "Gorlago",
  "BOTTANUCO": "Bottanuco",
  "TELGATE": "Telgate",
  "GAZZANIGA": "Gazzaniga",
  "PONTIROLONUOVO": "Pontirolo Nuovo",
  "PRESEZZO": "Presezzo",
  "ARCENE": "Arcene",
  "SANGIOVANNIBIANCO": "San Giovanni Bianco",
  "SANPELLEGRINOTERME": "San Pellegrino Terme",
  "VERTOVA": "Vertova",
  "PRADALUNGA": "Pradalunga",
  "VILLADADDA": "Villa d'Adda",
  "CAROBBIODEGLIANGELI": "Carobbio degli Angeli",
  "CARVICO": "Carvico",
  "MOZZANICA": "Mozzanica",
  "PALAZZAGO": "Palazzago",
  "CANONICADADDA": "Canonica d'Adda",
  "LEFFE": "Leffe",
  "FONTANELLA": "Fontanella",
  "COMUNNUOVO": "Comun Nuovo",
  "VALBREMBILLA": "Val Brembilla",
  "BAGNATICA": "Bagnatica",
  "BARIANO": "Bariano",
  "CENE": "Cene",
  "CALVENZANO": "Calvenzano",
  "VALBREMBO": "Valbrembo",
  "LALLIO": "Lallio",
  "ROVETTA": "Rovetta",
  "CASIRATEDADDA": "Casirate d'Adda",
  "CASAZZA": "Casazza",
  "PALADINA": "Paladina",
  "MADONE": "Madone",
  "COVO": "Covo",
  "SANTOMOBONOTERME": "Sant'Omobono Terme",
  "ROGNO": "Rogno",
  "SUISIO": "Suisio",
  "CENATESOTTO": "Cenate Sotto",
  "LEVATE": "Levate",
  "CREDARO": "Credaro",
  "ENDINEGAIANO": "Endine Gaiano",
  "ARDESIO": "Ardesio",
  "FORNOVOSANGIOVANNI": "Fornovo San Giovanni",
  "CASTIONEDELLAPRESOLANA": "Castione della Presolana",
  "CHIGNOLODISOLA": "Chignolo d'Isola",
  "COSTADIMEZZATE": "Costa di Mezzate",
  "MONTELLO": "Montello",
  "PONTIDA": "Pontida",
  "CASNIGO": "Casnigo",
  "ANTEGNATE": "Antegnate",
  "FILAGO": "Filago",
  "FORESTOSPARSO": "Foresto Sparso",
  "CAPRINOBERGAMASCO": "Caprino Bergamasco",
  "FIORANOALSERIO": "Fiorano al Serio",
  "MORNICOALSERIO": "Mornico al Serio",
  "MISANODIGERADADDA": "Misano di Gera d'Adda",
  "CASTELROZZONE": "Castel Rozzone",
  "LURANO": "Lurano",
  "ARZAGODADDA": "Arzago d'Adda",
  "PARRE": "Parre",
  "ZANDOBBIO": "Zandobbio",
  "CAVERNAGO": "Cavernago",
  "CENATESOPRA": "Cenate Sopra",
  "MORENGO": "Morengo",
  "SEDRINA": "Sedrina",
  "TORREROVERI": "Torre de' Roveri",
  "AMBIVERE": "Ambivere",
  "BERBENNO": "Berbenno",
  "MEDOLAGO": "Medolago",
  "ADRARASANMARTINO": "Adrara San Martino",
  "PAGAZZANO": "Pagazzano",
  "TAVERNOLABERGAMASCA": "Tavernola Bergamasca",
  "SERINA": "Serina",
  "SOLZA": "Solza",
  "SELVINO": "Selvino",
  "ENTRATICO": "Entratico",
  "BARZANA": "Barzana",
  "CORTENUOVA": "Cortenuova",
  "VILLADOGNA": "Villa d'Ogna",
  "PREDORE": "Predore",
  "PEIA": "Peia",
  "SOLTOCOLLINA": "Solto Collina",
  "PONTENOSSA": "Ponte Nossa",
  "ORIOALSERIO": "Orio al Serio",
  "PUMENENGO": "Pumenengo",
  "CAZZANOSANTANDREA": "Cazzano Sant'Andrea",
  "COLZATE": "Colzate",
  "GORNO": "Gorno",
  "POGNANO": "Pognano",
  "CERETE": "Cerete",
  "GANDOSSO": "Gandosso",
  "VILMINOREDISCALVE": "Vilminore di Scalve",
  "PIANICO": "Pianico",
  "UBIALECLANEZZO": "Ubiale Clanezzo",
  "BERZOSANFERMO": "Berzo San Fermo",
  "VIGANOSANMARTINO": "Vigano San Martino",
  "CASTRO": "Castro",
  "FARAOLIVANACONSOLA": "Fara Olivana con Sola",
  "CAPIZZONE": "Capizzone",
  "RANZANICO": "Ranzanico",
  "PIAZZABREMBANA": "Piazza Brembana",
  "GROMO": "Gromo",
  "SCHILPARIO": "Schilpario",
  "MONASTEROLODELCASTELLO": "Monasterolo del Castello",
  "BORGODITERZO": "Borgo di Terzo",
  "PREMOLO": "Premolo",
  "FINODELMONTE": "Fino del Monte",
  "VIADANICA": "Viadanica",
  "COLERE": "Colere",
  "PIARIO": "Piario",
  "STROZZA": "Strozza",
  "TORREPALLAVICINA": "Torre Pallavicinia",
  "VALBONDIONE": "Valbondione",
  "SPINONEALLAGO": "Spinone al Lago",
  "OLTREILCOLLE": "Oltre il Colle",
  "GANDELLINO": "Gandellino",
  "BOSSICO": "Bossico",
  "CORNAIMAGNA": "Corna Imagna",
  "DOSSENA": "Dossena",
  "ROTADIMAGNA": "Rota d'Imagna",
  "COSTASERINA": "Costa Serina",
  "LUZZANA": "Luzzana",
  "GRONE": "Grone",
  "GAVERINATERME": "Gaverina Terme",
  "RIVADISOLTO": "Riva di Solto",
  "ONORE": "Onore",
  "LOCATELLO": "Locatello",
  "ADRARASANROCCO": "Adrara San Rocco",
  "RONCOLA": "Roncola",
  "BEDULITA": "Bedulita",
  "SONGAVAZZO": "Songavazzo",
  "BARBATA": "Barbata",
  "BRANZI": "Branzi",
  "BRACCA": "Bracca",
  "ALGUA": "Algua",
  "ISSO": "Isso",
  "FONTENO": "Fonteno",
  "BIANZANO": "Bianzano",
  "CAMERATACORNELLO": "Camerata Cornello",
  "ONETA": "Oneta",
  "LENNA": "Lenna",
  "COSTAVALLEIMAGNA": "Costa Valle Imagna",
  "VALGOGLIO": "Valgoglio",
  "VIGOLO": "Vigolo",
  "TALEGGIO": "Taleggio",
  "AVIATICO": "Aviatico",
  "SANTABRIGIDA": "Santa Brigida",
  "OLMOALBREMBO": "Olmo al Brembo",
  "RONCOBELLO": "Roncobello",
  "PIAZZATORRE": "Piazzatorre",
  "AZZONE": "Azzone",
  "PARZANICA": "Parzanica",
  "CARONA": "Carona",
  "CORNALBA": "Cornalba",
  "VALTORTA": "Valtorta",
  "CUSIO": "Cusio",
  "VEDESETA": "Vedeseta",
  "FUIPIANOVALLEIMAGNA": "Fuipiano Valle Imagna",
  "MOIODECALVI": "Moio de' Calvi",
  "VALNEGRA": "Valnegra",
  "FOPPOLO": "Foppolo",
  "AVERARA": "Averara",
  "ISOLADIFONDRA": "Isola di Fondra",
  "MEZZOLDO": "Mezzoldo",
  "ORNICA": "Ornica",
  "OLTRESSENDAALTA": "Oltressenda Alta",
  "VALLEVE": "Valleve",
  "BRUMANO": "Brumano",
  "CASSIGLIO": "Cassiglio",
  "PIAZZOLO": "Piazzolo",
  "BLELLO": "Blello",
  "BOCCALEONE": "Boccaleone",
  "BORGOPALAZZO": "Borgo Palazzo",
  "BORGOSANTACATERINA": "Borgo Santa Caterina",
  "CAMPAGNOLA": "Campagnola",
  "CARNOVALI": "Carnovali",
  "CELADINA": "Celadina",
  "CITTAALTA": "Città Alta",
  "COLLI": "Colli",
  "COLOGNOLA": "Colognola",
  "CONCAFIORITA": "Conca Fiorita",
  "GRUMELLODELPIANO": "Grumello del Piano",
  "LONGUELO": "Longuelo",
  "LORETO": "Loreto",
  "MALPENSATA": "Malpensata",
  "MONTEROSSO": "Monterosso",
  "PAPAGIOVANNIXXIII": "Papa Giovanni XXIII",
  "PIGNOLO": "Pignolo",
  "REDONA": "Redona",
  "SANPAOLO": "San Paolo",
  "SANTOMASO": "San Tomaso de' Calvi",
  "SANTALESSANDRO": "Sant'Alessandro",
  "SANTALUCIA": "Santa Lucia",
  "VALTESSE": "Valtesse",
  "VALVERDE": "Valverde",
  "VILLAGGIODEGLISPOSI": "Villaggio degli Sposi",
  "LECCO": "Lecco",
  "MERATE": "Merate",
  "CALOLZIOCORTE": "Calolziocorte",
  "MILANO": "Milano",
  "SESTOSANGIOVANNI": "Sesto San Giovanni",
  "CINISELLOBALSAMO": "Cinisello Balsamo",
  "INZAGO": "Inzago",
  "MONZA": "Monza",
  "LISSONE": "Lissone",
  "SEREGNO": "Seregno",
  "DESIO": "Desio",
  "MUGGIO": "Muggiò",
  "VAPRIODADDA": "Vaprio d'Adda",
  "SOTTOILMONTEGIOVANNIXXIII": "Sotto il Monte Giovanni XXIII",
  "TORREDEBUSI": "Torre De' Busi",
  "NOVAMILANESE": "Nova Milanese",
  "CARATEBRIANZA": "Carate Brianza",
  "BORGHETTO LODIGIANO": "Borghetto Lodigiano",
  "CAMBIAGO": "Cambiago",
  "FIORANO AL SERIO": "Fiorano al Serio",
  "GESSATE": "Gessate",
  "LODI": "Lodi",
  "CAPRIATE": "Capriate",
  "ARCORE": "Arcore",
  "MEDA": "Meda",
  "GARLATE": "Garlate",
  "ELLO": "Ello",
  "MELZO": "Melzo",
  "CASTELLICALEPIO": "Castelli Calepio",
  "BOVISIOMASCIAGO": "Bovisio Masciago",
  "CODOGNO": "Codogno",
  "COLOGNOMONZESE": "Cologno Monzese",
  "GARDONEVALTROMPIA": "Gardone Val Trompia",
  "LESMO": "Lesmo",
  "MASATE": "Masate",
  "POZZUOLOMARTESANA": "Pozzuolo Martesana",
  "ROGENO": "Rogeno",
  "SETTALA": "Settala",
  "TORLINOVIMERCATI": "Torlino Vimercati",
  "TREZZANOROSA": "Trezzano Rosa"
}
